Participant ID, First Name, Last Name, School, Country,DOB Day, DOB Month, DOB Year, Gender, Event Type, Judge #1 Score, Judge #2 Score, Judge #3 Score, Judge #4 Score, Judge #5 Score, Average Score
1, Javanie, Campbell ,Meadowbrook, Jamaica,23, 12, 1990, 0, , 0.000000, 0.000000, 0.000000, 0.000000, 0.000000, 0.000000
2, John, Doe ,Wuhan, Japan,10, 11, 2002, 0, , 0.000000, 0.000000, 0.000000, 0.000000, 0.000000, 0.000000
3, Jane, Joe ,Wuhan, China,22, 10, 2001, 0, , 0.000000, 0.000000, 0.000000, 0.000000, 0.000000, 0.000000
4, Jone, K ,CC, JJ,12, 10, 2001, 0, , 0.000000, 0.000000, 0.000000, 0.000000, 0.000000, 0.000000
5, Javanie, Campbell ,Wuhan, Jamaica,12, 12, 2002, 0, , 0.000000, 0.000000, 0.000000, 0.000000, 0.000000, 0.000000
6, Javanie, Campbell ,Meadowbrook, Jamaica,23, 12, 2002, 0, , 0.000000, 0.000000, 0.000000, 0.000000, 0.000000, 0.000000
7, j, c ,mm, jj,3, 4, 5, 0, , 0.000000, 0.000000, 0.000000, 0.000000, 0.000000, 0.000000
